antecedents_str,consequents_str,rule,support,confidence,lift
"Fruits, Sweets, Wines","Fish, Gold, Meat","Fruits, Sweets, Wines → Fish, Gold, Meat",0.23960216998191683,0.7433380084151473,2.2964576461093658
"Fish, Gold, Meat","Fruits, Sweets, Wines","Fish, Gold, Meat → Fruits, Sweets, Wines",0.23960216998191683,0.7402234636871509,2.2964576461093658
"Fruits, Gold, Meat","Fish, Sweets, Wines","Fruits, Gold, Meat → Fish, Sweets, Wines",0.23960216998191683,0.7381615598885795,2.261514363536756
"Fish, Sweets, Wines","Fruits, Gold, Meat","Fish, Sweets, Wines → Fruits, Gold, Meat",0.23960216998191683,0.7340720221606648,2.261514363536756
"Fish, Gold, Wines","Fruits, Meat, Sweets","Fish, Gold, Wines → Fruits, Meat, Sweets",0.23960216998191683,0.8018154311649017,2.2593831003016085
"Fruits, Meat, Sweets","Fish, Gold, Wines","Fruits, Meat, Sweets → Fish, Gold, Wines",0.23960216998191683,0.6751592356687898,2.259383100301608
"Fish, Fruits, Wines","Gold, Meat, Sweets","Fish, Fruits, Wines → Gold, Meat, Sweets",0.23960216998191683,0.7330567081604427,2.248989512414562
"Gold, Meat, Sweets","Fish, Fruits, Wines","Gold, Meat, Sweets → Fish, Fruits, Wines",0.23960216998191683,0.7350901525658807,2.248989512414562
"Fish, Fruits, Meat","Gold, Sweets, Wines","Fish, Fruits, Meat → Gold, Sweets, Wines",0.23960216998191683,0.6633291614518149,2.2435536775709704
"Gold, Sweets, Wines","Fish, Fruits, Meat","Gold, Sweets, Wines → Fish, Fruits, Meat",0.23960216998191683,0.8103975535168196,2.24355367757097
"Fruits, Gold, Meat, Sweets","Fish, Wines","Fruits, Gold, Meat, Sweets → Fish, Wines",0.23960216998191683,0.8307210031347964,2.2327519549625388
"Fish, Wines","Fruits, Gold, Meat, Sweets","Fish, Wines → Fruits, Gold, Meat, Sweets",0.23960216998191683,0.6439854191980559,2.2327519549625388
"Fruits, Meat","Fish, Gold, Sweets, Wines","Fruits, Meat → Fish, Gold, Sweets, Wines",0.23960216998191683,0.5915178571428572,2.2290247018739353
"Fish, Gold, Sweets, Wines","Fruits, Meat","Fish, Gold, Sweets, Wines → Fruits, Meat",0.23960216998191683,0.9028960817717206,2.2290247018739353
"Fish, Meat","Fruits, Gold, Sweets, Wines","Fish, Meat → Fruits, Gold, Sweets, Wines",0.23960216998191683,0.5862831858407079,2.2244569589702334
"Fruits, Gold, Sweets, Wines","Fish, Meat","Fruits, Gold, Sweets, Wines → Fish, Meat",0.23960216998191683,0.9090909090909092,2.2244569589702334
"Fish, Gold, Meat, Sweets","Fruits, Wines","Fish, Gold, Meat, Sweets → Fruits, Wines",0.23960216998191683,0.8229813664596274,2.220042417815483
"Fruits, Wines","Fish, Gold, Meat, Sweets","Fruits, Wines → Fish, Gold, Meat, Sweets",0.23960216998191683,0.6463414634146342,2.2200424178154825
"Fish, Meat, Sweets","Fruits, Gold, Wines","Fish, Meat, Sweets → Fruits, Gold, Wines",0.23960216998191683,0.6641604010025063,2.219218741718344
"Fruits, Gold, Wines","Fish, Meat, Sweets","Fruits, Gold, Wines → Fish, Meat, Sweets",0.23960216998191683,0.8006042296072508,2.219218741718344
"Sweets, Wines","Fish, Fruits, Gold, Meat","Sweets, Wines → Fish, Fruits, Gold, Meat",0.23960216998191683,0.6455542021924483,2.203651072916197
"Fish, Fruits, Gold, Meat","Sweets, Wines","Fish, Fruits, Gold, Meat → Sweets, Wines",0.23960216998191683,0.8179012345679013,2.203651072916197
"Fish, Gold, Meat","Fruits, Wines","Fish, Gold, Meat → Fruits, Wines",0.2635623869801085,0.8142458100558658,2.196477721760458
"Fruits, Wines","Fish, Gold, Meat","Fruits, Wines → Fish, Gold, Meat",0.2635623869801085,0.7109756097560975,2.1964777217604574
"Meat, Sweets","Fish, Fruits, Gold, Wines","Meat, Sweets → Fish, Fruits, Gold, Wines",0.23960216998191683,0.5888888888888889,2.1892810457516343
"Fish, Fruits, Gold, Wines","Meat, Sweets","Fish, Fruits, Gold, Wines → Meat, Sweets",0.23960216998191683,0.8907563025210085,2.1892810457516343
"Fruits, Sweets, Wines","Fish, Meat","Fruits, Sweets, Wines → Fish, Meat",0.2879746835443038,0.8934081346423562,2.186082736536385
"Fish, Meat","Fruits, Sweets, Wines","Fish, Meat → Fruits, Sweets, Wines",0.2879746835443038,0.704646017699115,2.1860827365363846
"Fruits, Gold, Meat","Fish, Wines","Fruits, Gold, Meat → Fish, Wines",0.2635623869801085,0.8119777158774373,2.1823751002683975
"Fish, Wines","Fruits, Gold, Meat","Fish, Wines → Fruits, Gold, Meat",0.2635623869801085,0.7083839611178614,2.1823751002683975
"Fruits, Meat, Sweets","Fish, Wines","Fruits, Meat, Sweets → Fish, Wines",0.2879746835443038,0.8114649681528662,2.1809969739418467
"Fish, Wines","Fruits, Meat, Sweets","Fish, Wines → Fruits, Meat, Sweets",0.2879746835443038,0.7739975698663426,2.1809969739418467
"Fish, Gold, Meat","Sweets, Wines","Fish, Gold, Meat → Sweets, Wines",0.261754068716094,0.8086592178770949,2.1787505358637445
"Sweets, Wines","Fish, Gold, Meat","Sweets, Wines → Fish, Gold, Meat",0.261754068716094,0.705237515225335,2.178750535863744
"Fish, Sweets, Wines","Fruits, Meat","Fish, Sweets, Wines → Fruits, Meat",0.2879746835443038,0.8822714681440442,2.178107686980609
"Fruits, Meat","Fish, Sweets, Wines","Fruits, Meat → Fish, Sweets, Wines",0.2879746835443038,0.7109375,2.178107686980609
"Fish, Gold, Wines","Fruits, Meat","Fish, Gold, Wines → Fruits, Meat",0.2635623869801085,0.8819969742813918,2.177430030257186
"Fruits, Meat","Fish, Gold, Wines","Fruits, Meat → Fish, Gold, Wines",0.2635623869801085,0.6506696428571428,2.177430030257186
"Fruits, Meat","Gold, Sweets, Wines","Fruits, Meat → Gold, Sweets, Wines",0.25949367088607594,0.640625,2.1667622324159024
"Gold, Sweets, Wines","Fruits, Meat","Gold, Sweets, Wines → Fruits, Meat",0.25949367088607594,0.8776758409785933,2.1667622324159024
"Gold, Sweets, Wines","Fish, Meat","Gold, Sweets, Wines → Fish, Meat",0.261754068716094,0.8853211009174312,2.1662945522448647
"Fish, Meat","Gold, Sweets, Wines","Fish, Meat → Gold, Sweets, Wines",0.261754068716094,0.6404867256637168,2.1662945522448647
"Fish, Fruits, Wines","Meat, Sweets","Fish, Fruits, Wines → Meat, Sweets",0.2879746835443038,0.8810511756569848,2.165428000614723
"Meat, Sweets","Fish, Fruits, Wines","Meat, Sweets → Fish, Fruits, Wines",0.2879746835443038,0.7077777777777777,2.1654280006147224
"Gold, Meat, Sweets","Fish, Wines","Gold, Meat, Sweets → Fish, Wines",0.261754068716094,0.8030513176144244,2.158383371279595
"Fish, Wines","Gold, Meat, Sweets","Fish, Wines → Gold, Meat, Sweets",0.261754068716094,0.7035236938031592,2.158383371279595
"Fruits, Gold, Wines","Fish, Meat","Fruits, Gold, Wines → Fish, Meat",0.2635623869801085,0.8806646525679757,2.1549006764163297
"Fish, Meat","Fruits, Gold, Wines","Fish, Meat → Fruits, Gold, Wines",0.2635623869801085,0.6449115044247786,2.1549006764163297
"Fruits, Gold, Meat","Sweets, Wines","Fruits, Gold, Meat → Sweets, Wines",0.25949367088607594,0.7994428969359332,2.1539192302342074
"Sweets, Wines","Fruits, Gold, Meat","Sweets, Wines → Fruits, Gold, Meat",0.25949367088607594,0.6991473812423873,2.1539192302342074
"Fish, Meat, Sweets","Fruits, Wines","Fish, Meat, Sweets → Fruits, Wines",0.2879746835443038,0.7982456140350878,2.1533162173727
"Fruits, Wines","Fish, Meat, Sweets","Fruits, Wines → Fish, Meat, Sweets",0.2879746835443038,0.776829268292683,2.1533162173727
"Meat, Sweets","Fish, Gold, Wines","Meat, Sweets → Fish, Gold, Wines",0.261754068716094,0.6433333333333333,2.152879475542108
"Fish, Gold, Wines","Meat, Sweets","Fish, Gold, Wines → Meat, Sweets",0.261754068716094,0.8759455370650528,2.152879475542108
"Sweets, Wines","Fish, Fruits, Meat","Sweets, Wines → Fish, Fruits, Meat",0.2879746835443038,0.7758830694275274,2.1480016890784612
"Fish, Fruits, Meat","Sweets, Wines","Fish, Fruits, Meat → Sweets, Wines",0.2879746835443038,0.7972465581977471,2.1480016890784612
"Gold, Meat, Sweets","Fruits, Wines","Gold, Meat, Sweets → Fruits, Wines",0.25949367088607594,0.7961165048543689,2.1475728155339806
"Fruits, Wines","Gold, Meat, Sweets","Fruits, Wines → Gold, Meat, Sweets",0.25949367088607594,0.7000000000000001,2.1475728155339806
"Fruits, Meat, Wines","Fish, Gold, Sweets","Fruits, Meat, Wines → Fish, Gold, Sweets",0.23960216998191683,0.6725888324873097,2.1468492026867665
"Fish, Gold, Sweets","Fruits, Meat, Wines","Fish, Gold, Sweets → Fruits, Meat, Wines",0.23960216998191683,0.7647907647907648,2.146849202686766
"Fruits, Gold, Wines","Meat, Sweets","Fruits, Gold, Wines → Meat, Sweets",0.25949367088607594,0.8670694864048337,2.1310641154749916
"Meat, Sweets","Fruits, Gold, Wines","Meat, Sweets → Fruits, Gold, Wines",0.25949367088607594,0.6377777777777778,2.1310641154749916
"Fish, Fruits, Sweets, Wines","Gold, Meat","Fish, Fruits, Sweets, Wines → Gold, Meat",0.23960216998191683,0.8204334365325078,2.1250570979038725
"Gold, Meat","Fish, Fruits, Sweets, Wines","Gold, Meat → Fish, Fruits, Sweets, Wines",0.23960216998191683,0.6206088992974239,2.1250570979038725
"Fish, Meat, Wines","Fruits, Gold, Sweets","Fish, Meat, Wines → Fruits, Gold, Sweets",0.23960216998191683,0.6683480453972258,2.121070123986605
"Fruits, Gold, Sweets","Fish, Meat, Wines","Fruits, Gold, Sweets → Fish, Meat, Wines",0.23960216998191683,0.7604017216642756,2.121070123986605
"Fish, Wines","Meat, Sweets","Fish, Wines → Meat, Sweets",0.3205244122965642,0.8614823815309842,2.11733225327393
"Meat, Sweets","Fish, Wines","Meat, Sweets → Fish, Wines",0.3205244122965642,0.7877777777777778,2.11733225327393
"Fish, Wines","Fruits, Meat","Fish, Wines → Fruits, Meat",0.31871609403254975,0.8566221142162819,2.114785844471446
"Fruits, Meat","Fish, Wines","Fruits, Meat → Fish, Wines",0.31871609403254975,0.7868303571428572,2.114785844471446
"Fish, Meat","Sweets, Wines","Fish, Meat → Sweets, Wines",0.3205244122965642,0.78429203539823,2.1130986386125272
"Sweets, Wines","Fish, Meat","Sweets, Wines → Fish, Meat",0.3205244122965642,0.8635809987819733,2.1130986386125272
"Fish, Fruits, Gold","Meat, Sweets, Wines","Fish, Fruits, Gold → Meat, Sweets, Wines",0.23960216998191683,0.7560627674750358,2.1063108836961955
"Meat, Sweets, Wines","Fish, Fruits, Gold","Meat, Sweets, Wines → Fish, Fruits, Gold",0.23960216998191683,0.6675062972292192,2.1063108836961955
"Fruits, Wines","Fish, Meat","Fruits, Wines → Fish, Meat",0.31871609403254975,0.8597560975609757,2.1037394776602634
"Fish, Meat","Fruits, Wines","Fish, Meat → Fruits, Wines",0.31871609403254975,0.7798672566371682,2.1037394776602634
"Fruits, Meat, Sweets, Wines","Fish, Gold","Fruits, Meat, Sweets, Wines → Fish, Gold",0.23960216998191683,0.7604017216642756,2.1025107604017217
"Fish, Gold","Fruits, Meat, Sweets, Wines","Fish, Gold → Fruits, Meat, Sweets, Wines",0.23960216998191683,0.6625,2.1025107604017217
"Fruits, Meat","Sweets, Wines","Fruits, Meat → Sweets, Wines",0.3150994575045208,0.7779017857142857,2.0958815468940317
"Sweets, Wines","Fruits, Meat","Sweets, Wines → Fruits, Meat",0.3150994575045208,0.8489646772228989,2.0958815468940317
"Fruits, Wines","Meat, Sweets","Fruits, Wines → Meat, Sweets",0.3150994575045208,0.85,2.0891111111111114
"Meat, Sweets","Fruits, Wines","Meat, Sweets → Fruits, Wines",0.3150994575045208,0.7744444444444445,2.0891111111111114
"Fish, Fruits, Wines","Gold, Meat","Fish, Fruits, Wines → Gold, Meat",0.2635623869801085,0.8063623789764869,2.0886107521030315
"Gold, Meat","Fish, Fruits, Wines","Gold, Meat → Fish, Fruits, Wines",0.2635623869801085,0.6826697892271663,2.0886107521030315
"Gold, Meat","Fruits, Sweets, Wines","Gold, Meat → Fruits, Sweets, Wines",0.25949367088607594,0.6721311475409836,2.0852091141103166
"Fruits, Sweets, Wines","Gold, Meat","Fruits, Sweets, Wines → Gold, Meat",0.25949367088607594,0.8050490883590463,2.0852091141103166
"Fish, Gold, Sweets","Fruits, Meat","Fish, Gold, Sweets → Fruits, Meat",0.26446654611211573,0.8441558441558441,2.08400974025974
"Fruits, Meat","Fish, Gold, Sweets","Fruits, Meat → Fish, Gold, Sweets",0.26446654611211573,0.6529017857142857,2.08400974025974
"Fish, Gold, Sweets","Fruits, Wines","Fish, Gold, Sweets → Fruits, Wines",0.2418625678119349,0.772005772005772,2.0825326435082534
"Fruits, Wines","Fish, Gold, Sweets","Fruits, Wines → Fish, Gold, Sweets",0.2418625678119349,0.6524390243902439,2.0825326435082534
"Fish, Sweets, Wines","Gold, Meat","Fish, Sweets, Wines → Gold, Meat",0.261754068716094,0.801939058171745,2.077153626084192
"Gold, Meat","Fish, Sweets, Wines","Gold, Meat → Fish, Sweets, Wines",0.261754068716094,0.6779859484777517,2.077153626084192
"Fish, Gold","Fruits, Sweets, Wines","Fish, Gold → Fruits, Sweets, Wines",0.2418625678119349,0.6687500000000001,2.0747194950911645
"Fruits, Sweets, Wines","Fish, Gold","Fruits, Sweets, Wines → Fish, Gold",0.2418625678119349,0.7503506311360449,2.074719495091164
"Fish, Wines","Fruits, Gold, Sweets","Fish, Wines → Fruits, Gold, Sweets",0.2418625678119349,0.6500607533414338,2.063033552928625
"Fruits, Gold, Sweets","Fish, Wines","Fruits, Gold, Sweets → Fish, Wines",0.2418625678119349,0.7675753228120517,2.0630335529286246
"Fruits, Meat, Sweets","Fish, Gold","Fruits, Meat, Sweets → Fish, Gold",0.26446654611211573,0.7452229299363057,2.0605414012738854
"Fish, Gold","Fruits, Meat, Sweets","Fish, Gold → Fruits, Meat, Sweets",0.26446654611211573,0.73125,2.060541401273885
"Fish, Sweets","Fruits, Gold, Meat, Wines","Fish, Sweets → Fruits, Gold, Meat, Wines",0.23960216998191683,0.5968468468468469,2.0564255844629677
"Fruits, Gold, Meat, Wines","Fish, Sweets","Fruits, Gold, Meat, Wines → Fish, Sweets",0.23960216998191683,0.825545171339564,2.0564255844629677
"Fish, Fruits, Gold","Sweets, Wines","Fish, Fruits, Gold → Sweets, Wines",0.2418625678119349,0.7631954350927248,2.0562585900427615
"Sweets, Wines","Fish, Fruits, Gold","Sweets, Wines → Fish, Fruits, Gold",0.2418625678119349,0.6516443361753959,2.0562585900427615
"Fruits, Gold, Sweets","Fish, Meat","Fruits, Gold, Sweets → Fish, Meat",0.26446654611211573,0.8393113342898135,2.053713132133924
"Fish, Meat","Fruits, Gold, Sweets","Fish, Meat → Fruits, Gold, Sweets",0.26446654611211573,0.6471238938053097,2.053713132133924
"Fish, Fruits","Gold, Meat, Sweets, Wines","Fish, Fruits → Gold, Meat, Sweets, Wines",0.23960216998191683,0.594170403587444,2.053601457399103
"Gold, Meat, Sweets, Wines","Fish, Fruits","Gold, Meat, Sweets, Wines → Fish, Fruits",0.23960216998191683,0.828125,2.053601457399103
"Meat, Sweets","Fish, Fruits, Gold","Meat, Sweets → Fish, Fruits, Gold",0.26446654611211573,0.65,2.051069900142654
"Fish, Fruits, Gold","Meat, Sweets","Fish, Fruits, Gold → Meat, Sweets",0.26446654611211573,0.8345221112696148,2.0510699001426533
"Fish, Gold, Meat, Wines","Fruits, Sweets","Fish, Gold, Meat, Wines → Fruits, Sweets",0.23960216998191683,0.828125,2.0490072706935125
"Fruits, Sweets","Fish, Gold, Meat, Wines","Fruits, Sweets → Fish, Gold, Meat, Wines",0.23960216998191683,0.592841163310962,2.0490072706935125
"Fruits, Meat, Wines","Fish, Gold","Fruits, Meat, Wines → Fish, Gold",0.2635623869801085,0.7398477157360406,2.045678934010152
"Fish, Gold","Fruits, Meat, Wines","Fish, Gold → Fruits, Meat, Wines",0.2635623869801085,0.7287499999999999,2.045678934010152
"Fish, Fruits, Meat, Wines","Gold, Sweets","Fish, Fruits, Meat, Wines → Gold, Sweets",0.23960216998191683,0.75177304964539,2.0454144966981582
"Gold, Sweets","Fish, Fruits, Meat, Wines","Gold, Sweets → Fish, Fruits, Meat, Wines",0.23960216998191683,0.6519065190651906,2.0454144966981582
"Fish, Meat, Sweets, Wines","Fruits, Gold","Fish, Meat, Sweets, Wines → Fruits, Gold",0.23960216998191683,0.7475317348377998,2.038890502418265
"Fruits, Gold","Fish, Meat, Sweets, Wines","Fruits, Gold → Fish, Meat, Sweets, Wines",0.23960216998191683,0.6535141800246609,2.038890502418265
"Fish, Fruits, Sweets","Gold, Meat, Wines","Fish, Fruits, Sweets → Gold, Meat, Wines",0.23960216998191683,0.6874189364461739,2.0301344291307566
"Gold, Meat, Wines","Fish, Fruits, Sweets","Gold, Meat, Wines → Fish, Fruits, Sweets",0.23960216998191683,0.7076101468624834,2.0301344291307566
"Fruits, Gold, Meat","Fish, Sweets","Fruits, Gold, Meat → Fish, Sweets",0.26446654611211573,0.8147632311977716,2.029567868704359
"Fish, Sweets","Fruits, Gold, Meat","Fish, Sweets → Fruits, Gold, Meat",0.26446654611211573,0.6587837837837838,2.029567868704359
"Fish, Fruits","Gold, Sweets, Wines","Fish, Fruits → Gold, Sweets, Wines",0.2418625678119349,0.5997757847533632,2.028599443233088
"Gold, Sweets, Wines","Fish, Fruits","Gold, Sweets, Wines → Fish, Fruits",0.2418625678119349,0.8180428134556575,2.028599443233088
"Gold, Meat","Fruits, Wines","Gold, Meat → Fruits, Wines",0.29023508137432186,0.7517564402810304,2.027908836465414
"Fruits, Wines","Gold, Meat","Fruits, Wines → Gold, Meat",0.29023508137432186,0.7829268292682926,2.0279088364654134
"Fruits, Sweets","Fish, Gold, Meat","Fruits, Sweets → Fish, Gold, Meat",0.26446654611211573,0.6543624161073825,2.021577743616662
"Fish, Gold, Meat","Fruits, Sweets","Fish, Gold, Meat → Fruits, Sweets",0.26446654611211573,0.8170391061452513,2.021577743616662
"Fish, Sweets, Wines","Fruits, Gold","Fish, Sweets, Wines → Fruits, Gold",0.2418625678119349,0.7409972299168974,2.021067660389861
"Fruits, Gold","Fish, Sweets, Wines","Fruits, Gold → Fish, Sweets, Wines",0.2418625678119349,0.6596794081381011,2.021067660389861
"Sweets, Wines","Gold, Meat","Sweets, Wines → Gold, Meat",0.28933092224231466,0.779537149817296,2.0191290110021765
"Gold, Meat","Sweets, Wines","Gold, Meat → Sweets, Wines",0.28933092224231466,0.7494145199063232,2.0191290110021765
"Meat, Sweets, Wines","Fish, Gold","Meat, Sweets, Wines → Fish, Gold",0.261754068716094,0.7292191435768262,2.0162909319899245
"Fish, Gold","Meat, Sweets, Wines","Fish, Gold → Meat, Sweets, Wines",0.261754068716094,0.72375,2.0162909319899245
"Gold, Meat","Fish, Wines","Gold, Meat → Fish, Wines",0.28933092224231466,0.7494145199063232,2.014222257634006
"Fish, Wines","Gold, Meat","Fish, Wines → Gold, Meat",0.28933092224231466,0.7776427703523694,2.014222257634006
"Fish, Sweets","Fruits, Meat, Wines","Fish, Sweets → Fruits, Meat, Wines",0.2879746835443038,0.7173423423423423,2.0136564229203824
"Fruits, Meat, Wines","Fish, Sweets","Fruits, Meat, Wines → Fish, Sweets",0.2879746835443038,0.8083756345177665,2.0136564229203824
"Gold, Sweets","Fish, Fruits, Wines","Gold, Sweets → Fish, Fruits, Wines",0.2418625678119349,0.6580565805658056,2.013307270002161
"Fish, Fruits, Wines","Gold, Sweets","Fish, Fruits, Wines → Gold, Sweets",0.2418625678119349,0.739972337482711,2.0133072700021604
"Fish, Sweets","Fruits, Gold, Wines","Fish, Sweets → Fruits, Gold, Wines",0.2418625678119349,0.6024774774774775,2.01311205465284
"Fruits, Gold, Wines","Fish, Sweets","Fruits, Gold, Wines → Fish, Sweets",0.2418625678119349,0.8081570996978852,2.01311205465284
"Gold, Meat, Sweets","Fish, Fruits","Gold, Meat, Sweets → Fish, Fruits",0.26446654611211573,0.811373092926491,2.0120597326831815
"Fish, Fruits","Gold, Meat, Sweets","Fish, Fruits → Gold, Meat, Sweets",0.26446654611211573,0.655829596412556,2.0120597326831815
"Fruits, Wines","Fish, Gold","Fruits, Wines → Fish, Gold",0.2689873417721519,0.725609756097561,2.006310975609756
"Fish, Gold","Fruits, Wines","Fish, Gold → Fruits, Wines",0.2689873417721519,0.74375,2.006310975609756
"Fish, Meat, Wines","Fruits, Gold","Fish, Meat, Wines → Fruits, Gold",0.2635623869801085,0.7351828499369483,2.005208956918039
"Fruits, Gold","Fish, Meat, Wines","Fruits, Gold → Fish, Meat, Wines",0.2635623869801085,0.7188655980271269,2.0052089569180387
"Fruits, Sweets","Fish, Gold, Wines","Fruits, Sweets → Fish, Gold, Wines",0.2418625678119349,0.598434004474273,2.002626350827673
"Fish, Gold, Wines","Fruits, Sweets","Fish, Gold, Wines → Fruits, Sweets",0.2418625678119349,0.8093797276853253,2.002626350827673
"Fruits, Meat","Fish, Gold","Fruits, Meat → Fish, Gold",0.29294755877034356,0.7232142857142857,1.9996875
"Fish, Gold","Fruits, Meat","Fish, Gold → Fruits, Meat",0.29294755877034356,0.8099999999999999,1.9996874999999998
"Fish, Meat, Sweets","Fruits, Gold","Fish, Meat, Sweets → Fruits, Gold",0.26446654611211573,0.7330827067669173,1.9994808228957104
"Fruits, Gold","Fish, Meat, Sweets","Fruits, Gold → Fish, Meat, Sweets",0.26446654611211573,0.721331689272503,1.9994808228957102
"Fish, Fruits, Gold, Sweets","Meat, Wines","Fish, Fruits, Gold, Sweets → Meat, Wines",0.23960216998191683,0.8562197092084006,1.997845988152935
"Meat, Wines","Fish, Fruits, Gold, Sweets","Meat, Wines → Fish, Fruits, Gold, Sweets",0.23960216998191683,0.559071729957806,1.997845988152935
"Fish, Fruits, Gold, Sweets, Wines",Meat,"Fish, Fruits, Gold, Sweets, Wines → Meat",0.23960216998191683,0.9906542056074766,1.9957441737738966
"Fish, Fruits, Meat","Gold, Sweets","Fish, Fruits, Meat → Gold, Sweets",0.26446654611211573,0.7321652065081352,1.992065727916353
"Gold, Sweets","Fish, Fruits, Meat","Gold, Sweets → Fish, Fruits, Meat",0.26446654611211573,0.7195571955719556,1.9920657279163527
"Meat, Sweets, Wines","Fish, Fruits","Meat, Sweets, Wines → Fish, Fruits",0.2879746835443038,0.8022670025188916,1.9894782618517806
"Fish, Fruits","Meat, Sweets, Wines","Fish, Fruits → Meat, Sweets, Wines",0.2879746835443038,0.7141255605381165,1.9894782618517806
"Fruits, Meat","Fish, Sweets","Fruits, Meat → Fish, Sweets",0.3232368896925859,0.7979910714285715,1.9877885698198199
"Fish, Sweets","Fruits, Meat","Fish, Sweets → Fruits, Meat",0.3232368896925859,0.8051801801801801,1.9877885698198197
"Fish, Meat, Wines","Fruits, Sweets","Fish, Meat, Wines → Fruits, Sweets",0.2879746835443038,0.8032786885245902,1.987530714783438
"Fruits, Sweets","Fish, Meat, Wines","Fruits, Sweets → Fish, Meat, Wines",0.2879746835443038,0.7125279642058165,1.987530714783438
Meat,"Fish, Gold, Sweets, Wines","Meat → Fish, Gold, Sweets, Wines",0.261754068716094,0.5273224043715847,1.9871161132367041
"Fish, Gold, Sweets, Wines",Meat,"Fish, Gold, Sweets, Wines → Meat",0.261754068716094,0.9863713798977852,1.9871161132367041
"Fish, Meat, Wines","Gold, Sweets","Fish, Meat, Wines → Gold, Sweets",0.261754068716094,0.7301387137452712,1.9865520723303072
"Gold, Sweets","Fish, Meat, Wines","Gold, Sweets → Fish, Meat, Wines",0.261754068716094,0.7121771217712176,1.986552072330307
"Fish, Fruits, Sweets, Wines",Meat,"Fish, Fruits, Sweets, Wines → Meat",0.2879746835443038,0.9860681114551082,1.9865051571390706
Meat,"Fish, Fruits, Sweets, Wines","Meat → Fish, Fruits, Sweets, Wines",0.2879746835443038,0.5801457194899817,1.9865051571390704
"Fruits, Gold, Sweets, Wines",Meat,"Fruits, Gold, Sweets, Wines → Meat",0.25949367088607594,0.9845626072041167,1.9834722105059255
Meat,"Fruits, Gold, Sweets, Wines","Meat → Fruits, Gold, Sweets, Wines",0.25949367088607594,0.5227686703096539,1.9834722105059255
"Gold, Sweets","Fruits, Meat, Wines","Gold, Sweets → Fruits, Meat, Wines",0.25949367088607594,0.7060270602706027,1.981893219947428
"Fruits, Meat, Wines","Gold, Sweets","Fruits, Meat, Wines → Gold, Sweets",0.25949367088607594,0.7284263959390863,1.9818932199474277
"Meat, Sweets","Fish, Gold","Meat, Sweets → Fish, Gold",0.2911392405063291,0.7155555555555556,1.9785111111111113
"Fish, Gold","Meat, Sweets","Fish, Gold → Meat, Sweets",0.2911392405063291,0.8049999999999999,1.978511111111111
"Fish, Sweets, Wines",Meat,"Fish, Sweets, Wines → Meat",0.3205244122965642,0.981994459833795,1.978298492852782
Meat,"Fish, Sweets, Wines","Meat → Fish, Sweets, Wines",0.3205244122965642,0.6457194899817851,1.9782984928527818
"Sweets, Wines","Fish, Gold","Sweets, Wines → Fish, Gold",0.265370705244123,0.7149817295980512,1.9769244823386114
"Fish, Gold","Sweets, Wines","Fish, Gold → Sweets, Wines",0.265370705244123,0.73375,1.9769244823386114
Meat,"Fish, Fruits, Gold, Wines","Meat → Fish, Fruits, Gold, Wines",0.2635623869801085,0.5309653916211293,1.973941926497375
"Fish, Fruits, Gold, Wines",Meat,"Fish, Fruits, Gold, Wines → Meat",0.2635623869801085,0.9798319327731092,1.973941926497375
"Fish, Wines","Fruits, Gold","Fish, Wines → Fruits, Gold",0.2689873417721519,0.7229647630619683,1.9718841626301775
"Fruits, Gold","Fish, Wines","Fruits, Gold → Fish, Wines",0.2689873417721519,0.7336621454993835,1.9718841626301775
"Fruits, Gold","Meat, Sweets, Wines","Fruits, Gold → Meat, Sweets, Wines",0.25949367088607594,0.7077681874229347,1.9717672929213244
"Meat, Sweets, Wines","Fruits, Gold","Meat, Sweets, Wines → Fruits, Gold",0.25949367088607594,0.7229219143576826,1.9717672929213241
Meat,"Gold, Sweets, Wines","Meat → Gold, Sweets, Wines",0.28933092224231466,0.5828779599271403,1.971446555594548
"Gold, Sweets, Wines",Meat,"Gold, Sweets, Wines → Meat",0.28933092224231466,0.9785932721712539,1.971446555594548
"Meat, Sweets","Fish, Fruits","Meat, Sweets → Fish, Fruits",0.3232368896925859,0.7944444444444445,1.9700797209765821
"Fish, Fruits","Meat, Sweets","Fish, Fruits → Meat, Sweets",0.3232368896925859,0.8015695067264574,1.9700797209765821
Meat,"Fruits, Sweets, Wines","Meat → Fruits, Sweets, Wines",0.3150994575045208,0.6347905282331512,1.9693641633264103
"Fruits, Sweets, Wines",Meat,"Fruits, Sweets, Wines → Meat",0.3150994575045208,0.9775596072931276,1.9693641633264103
"Gold, Wines","Fish, Fruits, Meat, Sweets","Gold, Wines → Fish, Fruits, Meat, Sweets",0.23960216998191683,0.6354916067146283,1.9660243832905704
"Fish, Fruits, Meat, Sweets","Gold, Wines","Fish, Fruits, Meat, Sweets → Gold, Wines",0.23960216998191683,0.7412587412587412,1.9660243832905702
"Gold, Meat","Fish, Fruits, Sweets","Gold, Meat → Fish, Fruits, Sweets",0.26446654611211573,0.6850117096018735,1.9652994833195128
"Fish, Fruits, Sweets","Gold, Meat","Fish, Fruits, Sweets → Gold, Meat",0.26446654611211573,0.7587548638132297,1.9652994833195128
"Fish, Fruits, Wines",Meat,"Fish, Fruits, Wines → Meat",0.31871609403254975,0.9751037344398341,1.964416630765859
Meat,"Fish, Fruits, Wines","Meat → Fish, Fruits, Wines",0.31871609403254975,0.6420765027322405,1.964416630765859
"Fish, Sweets","Fruits, Wines","Fish, Sweets → Fruits, Wines",0.29204339963833637,0.7274774774774775,1.9624148538782686
"Fruits, Wines","Fish, Sweets","Fruits, Wines → Fish, Sweets",0.29204339963833637,0.7878048780487805,1.9624148538782684
"Fruits, Sweets","Fish, Meat","Fruits, Sweets → Fish, Meat",0.3232368896925859,0.7997762863534676,1.9569747183781752
"Fish, Meat","Fruits, Sweets","Fish, Meat → Fruits, Sweets",0.3232368896925859,0.790929203539823,1.9569747183781752
"Fish, Meat","Fruits, Gold","Fish, Meat → Fruits, Gold",0.29294755877034356,0.7168141592920353,1.9551084098076228
"Fruits, Gold","Fish, Meat","Fruits, Gold → Fish, Meat",0.29294755877034356,0.7990135635018495,1.9551084098076228
Meat,"Fruits, Gold, Wines","Meat → Fruits, Gold, Wines",0.29023508137432186,0.5846994535519126,1.9537087481221005
"Fruits, Gold, Wines",Meat,"Fruits, Gold, Wines → Meat",0.29023508137432186,0.9697885196374622,1.9537087481221005
"Sweets, Wines","Fish, Fruits","Sweets, Wines → Fish, Fruits",0.29204339963833637,0.7868453105968332,1.9512352321078419
"Fish, Fruits","Sweets, Wines","Fish, Fruits → Sweets, Wines",0.29204339963833637,0.7242152466367713,1.9512352321078417
Meat,"Fish, Gold, Wines","Meat → Fish, Gold, Wines",0.28933092224231466,0.5828779599271403,1.950568906745589
"Fish, Gold, Wines",Meat,"Fish, Gold, Wines → Meat",0.28933092224231466,0.9682299546142209,1.950568906745589
"Meat, Wines","Fish, Gold, Sweets","Meat, Wines → Fish, Gold, Sweets",0.261754068716094,0.6107594936708861,1.9494949494949496
"Fish, Gold, Sweets","Meat, Wines","Fish, Gold, Sweets → Meat, Wines",0.261754068716094,0.8354978354978354,1.9494949494949494
Meat,"Sweets, Wines","Meat → Sweets, Wines",0.3589511754068716,0.7231329690346084,1.94831927832467
"Sweets, Wines",Meat,"Sweets, Wines → Meat",0.3589511754068716,0.9671132764920828,1.9483192783246697
"Fruits, Sweets","Fish, Wines","Fruits, Sweets → Fish, Wines",0.29204339963833637,0.7225950782997764,1.9421388981763128
"Fish, Wines","Fruits, Sweets","Fish, Wines → Fruits, Sweets",0.29204339963833637,0.7849331713244229,1.9421388981763126
Meat,"Fish, Wines","Meat → Fish, Wines",0.358499095840868,0.7222222222222222,1.9411367625219387
"Fish, Wines",Meat,"Fish, Wines → Meat",0.358499095840868,0.9635479951397325,1.9411367625219385
"Gold, Sweets","Fish, Wines","Gold, Sweets → Fish, Wines",0.265370705244123,0.7220172201722017,1.9405857728079103
"Fish, Wines","Gold, Sweets","Fish, Wines → Gold, Sweets",0.265370705244123,0.7132442284325639,1.9405857728079103
"Meat, Wines","Fish, Fruits, Gold","Meat, Wines → Fish, Fruits, Gold",0.2635623869801085,0.6149789029535865,1.940561103185925
"Fish, Fruits, Gold","Meat, Wines","Fish, Fruits, Gold → Meat, Wines",0.2635623869801085,0.8316690442225392,1.940561103185925
"Fruits, Meat, Sweets","Gold, Wines","Fruits, Meat, Sweets → Gold, Wines",0.25949367088607594,0.7312101910828025,1.9393728329438358
"Gold, Wines","Fruits, Meat, Sweets","Gold, Wines → Fruits, Meat, Sweets",0.25949367088607594,0.6882494004796162,1.9393728329438358
"Gold, Sweets","Fish, Meat","Gold, Sweets → Fish, Meat",0.2911392405063291,0.7921279212792127,1.9382599135725869
"Fish, Meat","Gold, Sweets","Fish, Meat → Gold, Sweets",0.2911392405063291,0.7123893805309734,1.9382599135725869
"Fruits, Meat","Gold, Sweets","Fruits, Meat → Gold, Sweets",0.2884267631103074,0.7120535714285714,1.9373462484624844
"Gold, Sweets","Fruits, Meat","Gold, Sweets → Fruits, Meat",0.2884267631103074,0.7847478474784747,1.9373462484624844
"Fruits, Gold","Sweets, Wines","Fruits, Gold → Sweets, Wines",0.2635623869801085,0.7188655980271269,1.9368218061339888
"Sweets, Wines","Fruits, Gold","Sweets, Wines → Fruits, Gold",0.2635623869801085,0.710109622411693,1.9368218061339886
Meat,"Fruits, Wines","Meat → Fruits, Wines",0.3562386980108499,0.7176684881602915,1.9359545070860547
"Fruits, Wines",Meat,"Fruits, Wines → Meat",0.3562386980108499,0.9609756097560975,1.9359545070860544
"Fish, Fruits, Meat","Gold, Wines","Fish, Fruits, Meat → Gold, Wines",0.2635623869801085,0.7296620775969962,1.9352668053292033
"Gold, Wines","Fish, Fruits, Meat","Gold, Wines → Fish, Fruits, Meat",0.2635623869801085,0.699040767386091,1.9352668053292033
"Gold, Sweets","Fruits, Wines","Gold, Sweets → Fruits, Wines",0.2635623869801085,0.7170971709717097,1.9344133441334412
"Fruits, Wines","Gold, Sweets","Fruits, Wines → Gold, Sweets",0.2635623869801085,0.7109756097560975,1.934413344133441
"Fruits, Gold","Meat, Sweets","Fruits, Gold → Meat, Sweets",0.2884267631103074,0.7866831072749692,1.933492259213591
"Meat, Sweets","Fruits, Gold","Meat, Sweets → Fruits, Gold",0.2884267631103074,0.7088888888888889,1.933492259213591
"Gold, Meat, Wines","Fish, Fruits","Gold, Meat, Wines → Fish, Fruits",0.2635623869801085,0.7783711615487316,1.9302208624952852
"Fish, Fruits","Gold, Meat, Wines","Fish, Fruits → Gold, Meat, Wines",0.2635623869801085,0.6535874439461883,1.9302208624952852
"Fish, Fruits, Sweets","Meat, Wines","Fish, Fruits, Sweets → Meat, Wines",0.2879746835443038,0.8261997405966277,1.9277993947254648
"Meat, Wines","Fish, Fruits, Sweets","Meat, Wines → Fish, Fruits, Sweets",0.2879746835443038,0.6719409282700421,1.9277993947254648
"Gold, Meat, Wines","Fish, Sweets","Gold, Meat, Wines → Fish, Sweets",0.261754068716094,0.7730307076101469,1.9256125284162668
"Fish, Sweets","Gold, Meat, Wines","Fish, Sweets → Gold, Meat, Wines",0.261754068716094,0.652027027027027,1.9256125284162666
"Fish, Meat, Sweets","Gold, Wines","Fish, Meat, Sweets → Gold, Wines",0.261754068716094,0.7255639097744361,1.9243973242458663
"Gold, Wines","Fish, Meat, Sweets","Gold, Wines → Fish, Meat, Sweets",0.261754068716094,0.6942446043165467,1.9243973242458663
"Meat, Wines","Fruits, Gold, Sweets","Meat, Wines → Fruits, Gold, Sweets",0.25949367088607594,0.6054852320675106,1.9215686274509807
"Fruits, Gold, Sweets","Meat, Wines","Fruits, Gold, Sweets → Meat, Wines",0.25949367088607594,0.8235294117647058,1.9215686274509804
"Fruits, Sweets","Fish, Gold","Fruits, Sweets → Fish, Gold",0.2798372513562387,0.6923937360178972,1.914468680089486
"Fish, Gold","Fruits, Sweets","Fish, Gold → Fruits, Sweets",0.2798372513562387,0.77375,1.9144686800894857
Meat,"Fish, Fruits, Gold, Sweets","Meat → Fish, Fruits, Gold, Sweets",0.26446654611211573,0.5327868852459017,1.9039169469530444
"Fish, Fruits, Gold, Sweets",Meat,"Fish, Fruits, Gold, Sweets → Meat",0.26446654611211573,0.9450726978998384,1.9039169469530444
"Fruits, Gold","Fish, Sweets","Fruits, Gold → Fish, Sweets",0.2798372513562387,0.7632552404438965,1.9012619277724088
"Fish, Sweets","Fruits, Gold","Fish, Sweets → Fruits, Gold",0.2798372513562387,0.6970720720720721,1.9012619277724088
"Fruits, Meat","Gold, Wines","Fruits, Meat → Gold, Wines",0.29023508137432186,0.7165178571428571,1.9004046762589926
"Gold, Wines","Fruits, Meat","Gold, Wines → Fruits, Meat",0.29023508137432186,0.7697841726618704,1.9004046762589926
"Gold, Meat, Wines","Fruits, Sweets","Gold, Meat, Wines → Fruits, Sweets",0.25949367088607594,0.766355140186916,1.8961717786280294
"Fruits, Sweets","Gold, Meat, Wines","Fruits, Sweets → Gold, Meat, Wines",0.25949367088607594,0.6420581655480985,1.8961717786280292
"Gold, Sweets","Fish, Fruits","Gold, Sweets → Fish, Fruits",0.2798372513562387,0.7613776137761378,1.8880799121892564
"Fish, Fruits","Gold, Sweets","Fish, Fruits → Gold, Sweets",0.2798372513562387,0.6939461883408072,1.8880799121892564
"Gold, Wines","Meat, Sweets","Gold, Wines → Meat, Sweets",0.28933092224231466,0.7673860911270983,1.886064481747935
"Meat, Sweets","Gold, Wines","Meat, Sweets → Gold, Wines",0.28933092224231466,0.7111111111111111,1.886064481747935
"Fish, Fruits","Gold, Meat","Fish, Fruits → Gold, Meat",0.29294755877034356,0.726457399103139,1.8816437550540321
"Gold, Meat","Fish, Fruits","Gold, Meat → Fish, Fruits",0.29294755877034356,0.7587822014051522,1.8816437550540321
"Fruits, Gold, Meat, Sweets, Wines",Fish,"Fruits, Gold, Meat, Sweets, Wines → Fish",0.23960216998191683,0.9233449477351917,1.8789687436892768
"Fish, Sweets","Gold, Meat","Fish, Sweets → Gold, Meat",0.2911392405063291,0.7252252252252251,1.8784522227145175
"Gold, Meat","Fish, Sweets","Gold, Meat → Fish, Sweets",0.2911392405063291,0.7540983606557377,1.8784522227145175
"Fish, Meat","Gold, Wines","Fish, Meat → Gold, Wines",0.28933092224231466,0.7079646017699115,1.8777190636871033
"Gold, Wines","Fish, Meat","Gold, Wines → Fish, Meat",0.28933092224231466,0.7673860911270983,1.8777190636871033
"Fish, Gold, Sweets",Meat,"Fish, Gold, Sweets → Meat",0.2911392405063291,0.9292929292929293,1.8721274677558832
Meat,"Fish, Gold, Sweets","Meat → Fish, Gold, Sweets",0.2911392405063291,0.5865209471766849,1.872127467755883
Meat,"Fish, Fruits, Sweets","Meat → Fish, Fruits, Sweets",0.3232368896925859,0.651183970856102,1.8682476569827469
"Fish, Fruits, Sweets",Meat,"Fish, Fruits, Sweets → Meat",0.3232368896925859,0.9273670557717251,1.8682476569827469
"Fruits, Gold, Sweets, Wines",Fish,"Fruits, Gold, Sweets, Wines → Fish",0.2418625678119349,0.9176672384219555,1.867414840284605
"Meat, Wines","Fish, Gold","Meat, Wines → Fish, Gold",0.28933092224231466,0.6751054852320676,1.866666666666667
"Fish, Gold","Meat, Wines","Fish, Gold → Meat, Wines",0.28933092224231466,0.8,1.866666666666667
"Fruits, Gold, Meat, Sweets",Fish,"Fruits, Gold, Meat, Sweets → Fish",0.26446654611211573,0.9169278996865204,1.8659103165653939
Fish,"Fruits, Gold, Meat, Sweets","Fish → Fruits, Gold, Meat, Sweets",0.26446654611211573,0.5381784728610856,1.8659103165653939
"Fish, Gold, Meat, Sweets, Wines",Fruits,"Fish, Gold, Meat, Sweets, Wines → Fruits",0.23960216998191683,0.915371329879102,1.8644579941920567
"Meat, Wines","Fish, Sweets","Meat, Wines → Fish, Sweets",0.3205244122965642,0.7478902953586498,1.862987987987988
"Fish, Sweets","Meat, Wines","Fish, Sweets → Meat, Wines",0.3205244122965642,0.7984234234234234,1.862987987987988
"Fish, Fruits, Gold",Meat,"Fish, Fruits, Gold → Meat",0.29294755877034356,0.9243937232524965,1.8622576646944649
Meat,"Fish, Fruits, Gold","Meat → Fish, Fruits, Gold",0.29294755877034356,0.5901639344262295,1.8622576646944646
"Fruits, Meat, Sweets, Wines",Fish,"Fruits, Meat, Sweets, Wines → Fish",0.2879746835443038,0.9139167862266858,1.8597828253297415
Fish,"Fruits, Meat, Sweets, Wines","Fish → Fruits, Meat, Sweets, Wines",0.2879746835443038,0.5860165593376264,1.8597828253297413
"Fish, Gold, Sweets, Wines",Fruits,"Fish, Gold, Sweets, Wines → Fruits",0.2418625678119349,0.9114139693356047,1.8563975139690216
"Fish, Gold, Meat, Wines",Fruits,"Fish, Gold, Meat, Wines → Fruits",0.2635623869801085,0.9109374999999998,1.8554270257826884
Fruits,"Fish, Gold, Meat, Wines","Fruits → Fish, Gold, Meat, Wines",0.2635623869801085,0.5368324125230202,1.8554270257826884
"Fruits, Meat, Sweets",Fish,"Fruits, Meat, Sweets → Fish",0.3232368896925859,0.910828025477707,1.8534973250751499
Fish,"Fruits, Meat, Sweets","Fish → Fruits, Meat, Sweets",0.3232368896925859,0.6577736890524379,1.8534973250751499
"Fish, Gold, Meat, Sweets",Fruits,"Fish, Gold, Meat, Sweets → Fruits",0.26446654611211573,0.9083850931677019,1.8502282008167188
Fruits,"Fish, Gold, Meat, Sweets","Fruits → Fish, Gold, Meat, Sweets",0.26446654611211573,0.5386740331491713,1.8502282008167188
"Fruits, Sweets","Gold, Meat","Fruits, Sweets → Gold, Meat",0.2884267631103074,0.7136465324384788,1.848461510250486
"Gold, Meat","Fruits, Sweets","Gold, Meat → Fruits, Sweets",0.2884267631103074,0.7470725995316159,1.848461510250486
"Fruits, Gold, Meat, Wines",Fish,"Fruits, Gold, Meat, Wines → Fish",0.2635623869801085,0.9080996884735203,1.8479452722202638
Fish,"Fruits, Gold, Meat, Wines","Fish → Fruits, Gold, Meat, Wines",0.2635623869801085,0.5363385464581416,1.8479452722202638
"Fruits, Gold","Meat, Wines","Fruits, Gold → Meat, Wines",0.29023508137432186,0.7916152897657213,1.847102342786683
"Meat, Wines","Fruits, Gold","Meat, Wines → Fruits, Gold",0.29023508137432186,0.6772151898734177,1.8471023427866828
"Fish, Fruits","Meat, Wines","Fish, Fruits → Meat, Wines",0.31871609403254975,0.7903587443946188,1.844170403587444
"Meat, Wines","Fish, Fruits","Meat, Wines → Fish, Fruits",0.31871609403254975,0.7436708860759494,1.844170403587444
"Fruits, Gold, Sweets",Meat,"Fruits, Gold, Sweets → Meat",0.2884267631103074,0.9153515064562411,1.8440414683799684
Meat,"Fruits, Gold, Sweets","Meat → Fruits, Gold, Sweets",0.2884267631103074,0.581056466302368,1.8440414683799684
"Fruits, Sweets, Wines",Fish,"Fruits, Sweets, Wines → Fish",0.29204339963833637,0.9060308555399721,1.8437352828467508
Fish,"Fruits, Sweets, Wines","Fish → Fruits, Sweets, Wines",0.29204339963833637,0.594296228150874,1.8437352828467508
"Fish, Gold, Meat",Fruits,"Fish, Gold, Meat → Fruits",0.29294755877034356,0.9050279329608938,1.8433902280934595
Fruits,"Fish, Gold, Meat","Fruits → Fish, Gold, Meat",0.29294755877034356,0.5966850828729281,1.8433902280934593
"Gold, Meat, Sweets, Wines",Fish,"Gold, Meat, Sweets, Wines → Fish",0.261754068716094,0.9046875,1.8410016099356024
Fish,"Gold, Meat, Sweets, Wines","Fish → Gold, Meat, Sweets, Wines",0.261754068716094,0.5326586936522538,1.8410016099356021
"Fish, Fruits, Sweets","Gold, Wines","Fish, Fruits, Sweets → Gold, Wines",0.2418625678119349,0.6939040207522699,1.8404264914916317
"Gold, Wines","Fish, Fruits, Sweets","Gold, Wines → Fish, Fruits, Sweets",0.2418625678119349,0.6414868105515588,1.8404264914916317
"Meat, Wines","Gold, Sweets","Meat, Wines → Gold, Sweets",0.28933092224231466,0.6751054852320676,1.836818368183682
"Gold, Sweets","Meat, Wines","Gold, Sweets → Meat, Wines",0.28933092224231466,0.7872078720787208,1.8368183681836818
"Fruits, Gold, Meat",Fish,"Fruits, Gold, Meat → Fish",0.29294755877034356,0.9025069637883009,1.8365643090153831
Fish,"Fruits, Gold, Meat","Fish → Fruits, Gold, Meat",0.29294755877034356,0.5961361545538177,1.836564309015383
"Fish, Fruits, Gold, Meat, Wines",Sweets,"Fish, Fruits, Gold, Meat, Wines → Sweets",0.23960216998191683,0.9090909090909092,1.8347710683477108
Fruits,"Fish, Gold, Wines","Fruits → Fish, Gold, Wines",0.2689873417721519,0.5478821362799263,1.8334573153573328
"Fish, Gold, Wines",Fruits,"Fish, Gold, Wines → Fruits",0.2689873417721519,0.9001512859304084,1.8334573153573326
"Fish, Meat, Sweets, Wines",Fruits,"Fish, Meat, Sweets, Wines → Fruits",0.2879746835443038,0.8984485190409026,1.8299890645658163
Fruits,"Fish, Meat, Sweets, Wines","Fruits → Fish, Meat, Sweets, Wines",0.2879746835443038,0.5865561694290975,1.8299890645658161
Fish,"Fruits, Gold, Wines","Fish → Fruits, Gold, Wines",0.2689873417721519,0.547378104875805,1.82900357701704
"Fruits, Gold, Wines",Fish,"Fruits, Gold, Wines → Fish",0.2689873417721519,0.8987915407854984,1.8290035770170399
"Gold, Meat, Sweets, Wines",Fruits,"Gold, Meat, Sweets, Wines → Fruits",0.25949367088607594,0.896875,1.8267840699815836
Fruits,"Gold, Meat, Sweets, Wines","Fruits → Gold, Meat, Sweets, Wines",0.25949367088607594,0.5285451197053407,1.8267840699815836
Fish,"Gold, Sweets, Wines","Fish → Gold, Sweets, Wines",0.265370705244123,0.5400183992640295,1.8264842494985218
"Gold, Sweets, Wines",Fish,"Gold, Sweets, Wines → Fish",0.265370705244123,0.897553516819572,1.8264842494985216
"Fish, Gold, Meat, Wines",Sweets,"Fish, Gold, Meat, Wines → Sweets",0.261754068716094,0.9046875,1.8258838959854014
Sweets,"Fish, Gold, Meat, Wines","Sweets → Fish, Gold, Meat, Wines",0.261754068716094,0.5282846715328466,1.8258838959854011
Fruits,"Fish, Meat, Sweets","Fruits → Fish, Meat, Sweets",0.3232368896925859,0.6583793738489871,1.8249814222480698
"Fish, Meat, Sweets",Fruits,"Fish, Meat, Sweets → Fruits",0.3232368896925859,0.8959899749373434,1.8249814222480696
Sweets,"Fish, Fruits, Meat, Wines","Sweets → Fish, Fruits, Meat, Wines",0.2879746835443038,0.5812043795620437,1.8235802660868663
"Fish, Fruits, Meat, Wines",Sweets,"Fish, Fruits, Meat, Wines → Sweets",0.2879746835443038,0.90354609929078,1.823580266086866
Fruits,"Fish, Sweets, Wines","Fruits → Fish, Sweets, Wines",0.29204339963833637,0.5948434622467772,1.8224290006784918
"Fish, Sweets, Wines",Fruits,"Fish, Sweets, Wines → Fruits",0.29204339963833637,0.8947368421052632,1.8224290006784918
"Fish, Fruits, Gold, Meat",Sweets,"Fish, Fruits, Gold, Meat → Sweets",0.26446654611211573,0.9027777777777778,1.822029602595296
Sweets,"Fish, Fruits, Gold, Meat","Sweets → Fish, Fruits, Gold, Meat",0.26446654611211573,0.5337591240875912,1.822029602595296
Fish,"Fruits, Meat, Wines","Fish → Fruits, Meat, Wines",0.31871609403254975,0.6485740570377185,1.8206165154409053
"Fruits, Meat, Wines",Fish,"Fruits, Meat, Wines → Fish",0.31871609403254975,0.8946700507614214,1.8206165154409053
"Fish, Gold, Sweets",Fruits,"Fish, Gold, Sweets → Fruits",0.2798372513562387,0.8932178932178932,1.819335156351731
Fruits,"Fish, Gold, Sweets","Fruits → Fish, Gold, Sweets",0.2798372513562387,0.5699815837937385,1.819335156351731
"Meat, Wines","Fruits, Sweets","Meat, Wines → Fruits, Sweets",0.3150994575045208,0.7352320675105486,1.8191648023862792
"Fruits, Sweets","Meat, Wines","Fruits, Sweets → Meat, Wines",0.3150994575045208,0.7796420581655481,1.819164802386279
"Gold, Meat, Sweets",Fish,"Gold, Meat, Sweets → Fish",0.2911392405063291,0.8932038834951456,1.817632925750931
Fish,"Gold, Meat, Sweets","Fish → Gold, Meat, Sweets",0.2911392405063291,0.5924563017479301,1.817632925750931
"Meat, Sweets, Wines",Fish,"Meat, Sweets, Wines → Fish",0.3205244122965642,0.8929471032745592,1.8171103886323134
Fish,"Meat, Sweets, Wines","Fish → Meat, Sweets, Wines",0.3205244122965642,0.6522539098436062,1.8171103886323134
"Gold, Sweets, Wines",Fruits,"Gold, Sweets, Wines → Fruits",0.2635623869801085,0.8914373088685015,1.8157084044356586
Fruits,"Gold, Sweets, Wines","Fruits → Gold, Sweets, Wines",0.2635623869801085,0.5368324125230202,1.8157084044356584
"Fish, Gold, Meat",Sweets,"Fish, Gold, Meat → Sweets",0.2911392405063291,0.8994413407821228,1.815295844717204
Sweets,"Fish, Gold, Meat","Sweets → Fish, Gold, Meat",0.2911392405063291,0.5875912408759124,1.815295844717204
"Fish, Fruits, Gold, Wines",Sweets,"Fish, Fruits, Gold, Wines → Sweets",0.2418625678119349,0.8991596638655462,1.8147273507943324
"Fruits, Meat",Fish,"Fruits, Meat → Fish",0.3612115732368897,0.8917410714285714,1.8146561637534497
Fish,"Fruits, Meat","Fish → Fruits, Meat",0.3612115732368897,0.7350505979760809,1.8146561637534497
"Fish, Fruits, Gold, Meat, Sweets",Wines,"Fish, Fruits, Gold, Meat, Sweets → Wines",0.23960216998191683,0.905982905982906,1.811965811965812
Fruits,"Fish, Meat, Wines","Fruits → Fish, Meat, Wines",0.31871609403254975,0.6491712707182321,1.8108030905784736
"Fish, Meat, Wines",Fruits,"Fish, Meat, Wines → Fruits",0.31871609403254975,0.8890290037831022,1.8108030905784733
"Fish, Sweets",Meat,"Fish, Sweets → Meat",0.36075949367088606,0.8986486486486486,1.8103923595726874
Meat,"Fish, Sweets","Meat → Fish, Sweets",0.36075949367088606,0.726775956284153,1.8103923595726874
Meat,"Gold, Wines","Meat → Gold, Wines",0.33860759493670883,0.6821493624772313,1.8092498678652706
"Gold, Wines",Meat,"Gold, Wines → Meat",0.33860759493670883,0.8980815347721821,1.8092498678652704
Fish,"Fruits, Gold, Sweets","Fish → Fruits, Gold, Sweets",0.2798372513562387,0.5694572217111316,1.8072300924318838
"Fruits, Gold, Sweets",Fish,"Fruits, Gold, Sweets → Fish",0.2798372513562387,0.8880918220946916,1.8072300924318838
Sweets,"Fish, Fruits, Meat","Sweets → Fish, Fruits, Meat",0.3232368896925859,0.6523722627737226,1.8060668901820707
"Fish, Fruits, Meat",Sweets,"Fish, Fruits, Meat → Sweets",0.3232368896925859,0.8948685857321652,1.8060668901820707
"Fish, Fruits",Meat,"Fish, Fruits → Meat",0.3612115732368897,0.8957399103139013,1.80453249691653
Meat,"Fish, Fruits","Meat → Fish, Fruits",0.3612115732368897,0.7276867030965392,1.8045324969165297
"Fruits, Gold, Meat, Wines",Sweets,"Fruits, Gold, Meat, Wines → Sweets",0.25949367088607594,0.8940809968847353,1.804477340427951
Sweets,"Fruits, Gold, Meat, Wines","Sweets → Fruits, Gold, Meat, Wines",0.25949367088607594,0.5237226277372262,1.8044773404279508
"Fish, Meat, Wines",Sweets,"Fish, Meat, Wines → Sweets",0.3205244122965642,0.8940731399747793,1.80446148323377
Sweets,"Fish, Meat, Wines","Sweets → Fish, Meat, Wines",0.3205244122965642,0.6468978102189781,1.80446148323377
"Meat, Sweets",Fish,"Meat, Sweets → Fish",0.36075949367088606,0.8866666666666667,1.8043299601349279
Fish,"Meat, Sweets","Fish → Meat, Sweets",0.36075949367088606,0.7341306347746089,1.8043299601349279
"Fish, Fruits, Wines",Sweets,"Fish, Fruits, Wines → Sweets",0.29204339963833637,0.8934993084370679,1.8033033487799217
Sweets,"Fish, Fruits, Wines","Sweets → Fish, Fruits, Wines",0.29204339963833637,0.5894160583941606,1.8033033487799215
"Fish, Gold",Meat,"Fish, Gold → Meat",0.32368896925858953,0.895,1.80304189435337
Meat,"Fish, Gold","Meat → Fish, Gold",0.32368896925858953,0.6520947176684883,1.80304189435337
"Gold, Meat, Sweets",Fruits,"Gold, Meat, Sweets → Fruits",0.2884267631103074,0.884882108183079,1.802356559208997
Fruits,"Gold, Meat, Sweets","Fruits → Gold, Meat, Sweets",0.2884267631103074,0.587476979742173,1.802356559208997
"Fish, Meat",Fruits,"Fish, Meat → Fruits",0.3612115732368897,0.8838495575221238,1.8002534265551913
Fruits,"Fish, Meat","Fruits → Fish, Meat",0.3612115732368897,0.7357274401473296,1.8002534265551913
Wines,"Fish, Fruits, Gold, Meat","Wines → Fish, Fruits, Gold, Meat",0.2635623869801085,0.527124773960217,1.7993827160493827
"Fish, Fruits, Gold, Meat",Wines,"Fish, Fruits, Gold, Meat → Wines",0.2635623869801085,0.8996913580246914,1.7993827160493827
"Fruits, Gold, Meat, Sweets",Wines,"Fruits, Gold, Meat, Sweets → Wines",0.25949367088607594,0.8996865203761756,1.7993730407523512
Wines,"Fruits, Gold, Meat, Sweets","Wines → Fruits, Gold, Meat, Sweets",0.25949367088607594,0.5189873417721519,1.7993730407523512
"Fish, Gold, Meat, Sweets",Wines,"Fish, Gold, Meat, Sweets → Wines",0.261754068716094,0.8990683229813664,1.7981366459627328
Wines,"Fish, Gold, Meat, Sweets","Wines → Fish, Gold, Meat, Sweets",0.261754068716094,0.523508137432188,1.7981366459627328
"Fruits, Wines",Fish,"Fruits, Wines → Fish",0.3268535262206148,0.8817073170731707,1.7942378890210244
Fish,"Fruits, Wines","Fish → Fruits, Wines",0.3268535262206148,0.6651333946642134,1.7942378890210244
Sweets,"Fruits, Gold, Meat","Sweets → Fruits, Gold, Meat",0.2884267631103074,0.5821167883211679,1.793373726694183
"Fruits, Gold, Meat",Sweets,"Fruits, Gold, Meat → Sweets",0.2884267631103074,0.8885793871866295,1.793373726694183
"Fish, Gold, Wines",Sweets,"Fish, Gold, Wines → Sweets",0.265370705244123,0.8880484114977307,1.7923020859789967
Sweets,"Fish, Gold, Wines","Sweets → Fish, Gold, Wines",0.265370705244123,0.5355839416058394,1.7923020859789967
"Sweets, Wines",Fish,"Sweets, Wines → Fish",0.32640144665461124,0.8794153471376371,1.7895738250859736
Fish,"Sweets, Wines","Fish → Sweets, Wines",0.32640144665461124,0.6642134314627415,1.7895738250859734
Fruits,"Fish, Wines","Fruits → Fish, Wines",0.3268535262206148,0.6657458563535911,1.7893436625202228
"Fish, Wines",Fruits,"Fish, Wines → Fruits",0.3268535262206148,0.8784933171324422,1.7893436625202228
"Fruits, Gold, Meat",Wines,"Fruits, Gold, Meat → Wines",0.29023508137432186,0.894150417827298,1.788300835654596
Wines,"Fruits, Gold, Meat","Wines → Fruits, Gold, Meat",0.29023508137432186,0.5804701627486437,1.788300835654596
Fruits,"Meat, Sweets, Wines","Fruits → Meat, Sweets, Wines",0.3150994575045208,0.641804788213628,1.7880002412198301
"Meat, Sweets, Wines",Fruits,"Meat, Sweets, Wines → Fruits",0.3150994575045208,0.8778337531486146,1.78800024121983
"Fish, Gold, Meat",Wines,"Fish, Gold, Meat → Wines",0.28933092224231466,0.8938547486033519,1.7877094972067038
Wines,"Fish, Gold, Meat","Wines → Fish, Gold, Meat",0.28933092224231466,0.5786618444846293,1.7877094972067038
Meat,"Gold, Sweets","Meat → Gold, Sweets",0.3259493670886076,0.656648451730419,1.78660070753713
"Gold, Sweets",Meat,"Gold, Sweets → Meat",0.3259493670886076,0.8868388683886839,1.78660070753713
"Fruits, Meat, Wines",Sweets,"Fruits, Meat, Wines → Sweets",0.3150994575045208,0.8845177664974619,1.785176368149987
Sweets,"Fruits, Meat, Wines","Sweets → Fruits, Meat, Wines",0.3150994575045208,0.635948905109489,1.7851763681499868
"Fish, Gold",Fruits,"Fish, Gold → Fruits",0.31690777576853524,0.87625,1.7847744014732965
Fruits,"Fish, Gold","Fruits → Fish, Gold",0.31690777576853524,0.64548802946593,1.7847744014732965
"Fruits, Gold",Meat,"Fruits, Gold → Meat",0.32459312839059673,0.8853267570900123,1.7835544505310632
Meat,"Fruits, Gold","Meat → Fruits, Gold",0.32459312839059673,0.6539162112932605,1.7835544505310632
"Fish, Fruits, Gold",Sweets,"Fish, Fruits, Gold → Sweets",0.2798372513562387,0.8830242510699002,1.7821620833637037
Sweets,"Fish, Fruits, Gold","Sweets → Fish, Fruits, Gold",0.2798372513562387,0.5647810218978102,1.7821620833637037
"Fish, Fruits, Meat, Sweets",Wines,"Fish, Fruits, Meat, Sweets → Wines",0.2879746835443038,0.8909090909090909,1.7818181818181817
Wines,"Fish, Fruits, Meat, Sweets","Wines → Fish, Fruits, Meat, Sweets",0.2879746835443038,0.5759493670886076,1.7818181818181817
"Fish, Meat",Sweets,"Fish, Meat → Sweets",0.36075949367088606,0.8827433628318583,1.7815951811898454
Sweets,"Fish, Meat","Sweets → Fish, Meat",0.36075949367088606,0.7281021897810218,1.7815951811898454
Sweets,"Fruits, Gold, Wines","Sweets → Fruits, Gold, Wines",0.2635623869801085,0.531934306569343,1.7773998279930314
"Fruits, Gold, Wines",Sweets,"Fruits, Gold, Wines → Sweets",0.2635623869801085,0.8806646525679757,1.7773998279930312
Wines,"Fish, Meat, Sweets","Wines → Fish, Meat, Sweets",0.3205244122965642,0.6410488245931284,1.7769423558897244
"Fish, Meat, Sweets",Wines,"Fish, Meat, Sweets → Wines",0.3205244122965642,0.8884711779448622,1.7769423558897244
"Meat, Sweets",Fruits,"Meat, Sweets → Fruits",0.35488245931283907,0.8722222222222223,1.776570493145079
Fruits,"Meat, Sweets","Fruits → Meat, Sweets",0.35488245931283907,0.7228360957642725,1.7765704931450788
"Fruits, Meat, Sweets",Wines,"Fruits, Meat, Sweets → Wines",0.3150994575045208,0.8878980891719744,1.7757961783439489
Wines,"Fruits, Meat, Sweets","Wines → Fruits, Meat, Sweets",0.3150994575045208,0.6301989150090416,1.7757961783439489
Wines,"Gold, Meat, Sweets","Wines → Gold, Meat, Sweets",0.28933092224231466,0.5786618444846293,1.7753120665742024
"Gold, Meat, Sweets",Wines,"Gold, Meat, Sweets → Wines",0.28933092224231466,0.8876560332871012,1.7753120665742024
Sweets,"Fish, Wines","Sweets → Fish, Wines",0.32640144665461124,0.6587591240875913,1.7705652278028576
"Fish, Wines",Sweets,"Fish, Wines → Sweets",0.32640144665461124,0.8772782503037667,1.7705652278028576
"Fish, Fruits","Gold, Wines","Fish, Fruits → Gold, Wines",0.2689873417721519,0.6670403587443946,1.7691765869815357
"Gold, Wines","Fish, Fruits","Gold, Wines → Fish, Fruits",0.2689873417721519,0.7134292565947241,1.7691765869815355
Meat,"Fruits, Sweets","Meat → Fruits, Sweets",0.35488245931283907,0.714936247723133,1.7689474048809513
"Fruits, Sweets",Meat,"Fruits, Sweets → Meat",0.35488245931283907,0.8780760626398211,1.768947404880951
"Sweets, Wines",Fruits,"Sweets, Wines → Fruits",0.32233273056057865,0.8684531059683313,1.7688934349925862
Fruits,"Sweets, Wines","Fruits → Sweets, Wines",0.32233273056057865,0.656537753222836,1.7688934349925862
Fruits,"Fish, Sweets","Fruits → Fish, Sweets",0.3485533453887884,0.7099447513812154,1.7684659797919464
"Fish, Sweets",Fruits,"Fish, Sweets → Fruits",0.3485533453887884,0.8682432432432431,1.7684659797919462
Sweets,"Fruits, Meat","Sweets → Fruits, Meat",0.35488245931283907,0.7162408759124088,1.7682196624087594
"Fruits, Meat",Sweets,"Fruits, Meat → Sweets",0.35488245931283907,0.8761160714285715,1.7682196624087592
"Fish, Fruits, Meat",Wines,"Fish, Fruits, Meat → Wines",0.31871609403254975,0.8823529411764707,1.7647058823529413
Wines,"Fish, Fruits, Meat","Wines → Fish, Fruits, Meat",0.31871609403254975,0.6374321880650995,1.7647058823529413
Wines,"Meat, Sweets","Wines → Meat, Sweets",0.3589511754068716,0.7179023508137432,1.7644444444444445
"Meat, Sweets",Wines,"Meat, Sweets → Wines",0.3589511754068716,0.8822222222222222,1.7644444444444445
"Fruits, Gold",Fish,"Fruits, Gold → Fish",0.31690777576853524,0.8643649815043156,1.758946954082379
Fish,"Fruits, Gold","Fish → Fruits, Gold",0.31690777576853524,0.6448942042318306,1.758946954082379
Wines,"Fruits, Meat","Wines → Fruits, Meat",0.3562386980108499,0.7124773960216998,1.7589285714285714
"Fruits, Meat",Wines,"Fruits, Meat → Wines",0.3562386980108499,0.8794642857142857,1.7589285714285714
"Fruits, Sweets",Fish,"Fruits, Sweets → Fish",0.3485533453887884,0.8624161073825504,1.7549810759247482
Fish,"Fruits, Sweets","Fish → Fruits, Sweets",0.3485533453887884,0.7092916283348665,1.754981075924748
"Fruits, Wines",Sweets,"Fruits, Wines → Sweets",0.32233273056057865,0.8695121951219512,1.754891401103792
Sweets,"Fruits, Wines","Sweets → Fruits, Wines",0.32233273056057865,0.6505474452554744,1.754891401103792
"Fish, Meat",Wines,"Fish, Meat → Wines",0.358499095840868,0.8772123893805309,1.7544247787610618
Wines,"Fish, Meat","Wines → Fish, Meat",0.358499095840868,0.716998191681736,1.7544247787610618
Wines,"Gold, Meat","Wines → Gold, Meat",0.33860759493670883,0.6772151898734177,1.7540983606557377
"Gold, Meat",Wines,"Gold, Meat → Wines",0.33860759493670883,0.8770491803278688,1.7540983606557377
"Gold, Wines","Fish, Sweets","Gold, Wines → Fish, Sweets",0.265370705244123,0.7038369304556356,1.7532514528917407
"Fish, Sweets","Gold, Wines","Fish, Sweets → Gold, Wines",0.265370705244123,0.661036036036036,1.7532514528917404
"Fish, Gold",Sweets,"Fish, Gold → Sweets",0.31329113924050633,0.86625,1.7483074817518247
Sweets,"Fish, Gold","Sweets → Fish, Gold",0.31329113924050633,0.6322992700729927,1.7483074817518247
Fruits,"Gold, Sweets","Fruits → Gold, Sweets",0.3150994575045208,0.641804788213628,1.7462142577226876
"Gold, Sweets",Fruits,"Gold, Sweets → Fruits",0.3150994575045208,0.8573185731857318,1.7462142577226876
Fruits,"Gold, Meat, Wines","Fruits → Gold, Meat, Wines",0.29023508137432186,0.5911602209944751,1.7458563535911602
"Gold, Meat, Wines",Fruits,"Gold, Meat, Wines → Fruits",0.29023508137432186,0.8571428571428571,1.74585635359116
Sweets,"Fish, Fruits","Sweets → Fish, Fruits",0.3485533453887884,0.7034671532846715,1.7444723576969656
"Fish, Fruits",Sweets,"Fish, Fruits → Sweets",0.3485533453887884,0.8643497757847532,1.7444723576969654
Fish,"Gold, Meat, Wines","Fish → Gold, Meat, Wines",0.28933092224231466,0.5887764489420423,1.7388164286512653
"Gold, Meat, Wines",Fish,"Gold, Meat, Wines → Fish",0.28933092224231466,0.8544726301735649,1.7388164286512653
"Gold, Sweets",Fish,"Gold, Sweets → Fish",0.31329113924050633,0.8523985239852399,1.7345957084225856
Fish,"Gold, Sweets","Fish → Gold, Sweets",0.31329113924050633,0.6375344986200552,1.7345957084225854
Sweets,"Fruits, Gold","Sweets → Fruits, Gold",0.3150994575045208,0.635948905109489,1.734548678301097
"Fruits, Gold",Sweets,"Fruits, Gold → Sweets",0.3150994575045208,0.8594327990135635,1.734548678301097
"Fruits, Sweets","Gold, Wines","Fruits, Sweets → Gold, Wines",0.2635623869801085,0.6521252796420581,1.7296176481633483
"Gold, Wines","Fruits, Sweets","Gold, Wines → Fruits, Sweets",0.2635623869801085,0.699040767386091,1.7296176481633483
"Fish, Fruits, Gold, Sweets",Wines,"Fish, Fruits, Gold, Sweets → Wines",0.2418625678119349,0.864297253634895,1.72859450726979
Meat,Wines,Meat → Wines,0.42857142857142855,0.8633879781420765,1.726775956284153
Wines,Meat,Wines → Meat,0.42857142857142855,0.8571428571428571,1.726775956284153
Sweets,"Gold, Meat, Wines","Sweets → Gold, Meat, Wines",0.28933092224231466,0.5839416058394161,1.724537826591173
"Gold, Meat, Wines",Sweets,"Gold, Meat, Wines → Sweets",0.28933092224231466,0.8544726301735649,1.7245378265911728
Fruits,"Gold, Meat","Fruits → Gold, Meat",0.32459312839059673,0.6611418047882136,1.7124656583038975
"Gold, Meat",Fruits,"Gold, Meat → Fruits",0.32459312839059673,0.8407494145199063,1.7124656583038973
Fish,"Gold, Meat","Fish → Gold, Meat",0.32368896925858953,0.6586936522539099,1.7061245419035698
"Gold, Meat",Fish,"Gold, Meat → Fish",0.32368896925858953,0.8384074941451991,1.7061245419035698
"Gold, Meat",Sweets,"Gold, Meat → Sweets",0.3259493670886076,0.8442622950819673,1.7039308364245542
Sweets,"Gold, Meat","Sweets → Gold, Meat",0.3259493670886076,0.6578467153284672,1.7039308364245542
Fish,"Meat, Wines","Fish → Meat, Wines",0.358499095840868,0.7295308187672492,1.7022385771235817
"Meat, Wines",Fish,"Meat, Wines → Fish",0.358499095840868,0.8364978902953587,1.7022385771235817
"Fish, Fruits, Gold",Wines,"Fish, Fruits, Gold → Wines",0.2689873417721519,0.8487874465049929,1.6975748930099859
Wines,"Fish, Fruits, Gold","Wines → Fish, Fruits, Gold",0.2689873417721519,0.5379746835443038,1.6975748930099859
"Fish, Gold, Sweets",Wines,"Fish, Gold, Sweets → Wines",0.265370705244123,0.847041847041847,1.694083694083694
Wines,"Fish, Gold, Sweets","Wines → Fish, Gold, Sweets",0.265370705244123,0.530741410488246,1.694083694083694
"Meat, Wines",Fruits,"Meat, Wines → Fruits",0.3562386980108499,0.8312236286919832,1.6930632289748313
Fruits,"Meat, Wines","Fruits → Meat, Wines",0.3562386980108499,0.725598526703499,1.693063228974831
"Meat, Wines",Sweets,"Meat, Wines → Sweets",0.3589511754068716,0.8375527426160337,1.690389294403893
Sweets,"Meat, Wines","Sweets → Meat, Wines",0.3589511754068716,0.7244525547445255,1.690389294403893
Wines,"Fish, Fruits, Sweets","Wines → Fish, Fruits, Sweets",0.29204339963833637,0.5840867992766727,1.6757457846952013
"Fish, Fruits, Sweets",Wines,"Fish, Fruits, Sweets → Wines",0.29204339963833637,0.8378728923476007,1.6757457846952013
Meat,Fish,Meat → Fish,0.40867992766726946,0.8233151183970857,1.675412182055523
Fish,Meat,Fish → Meat,0.40867992766726946,0.8316467341306347,1.6754121820555228
"Fruits, Gold, Sweets",Wines,"Fruits, Gold, Sweets → Wines",0.2635623869801085,0.836441893830703,1.672883787661406
Wines,"Fruits, Gold, Sweets","Wines → Fruits, Gold, Sweets",0.2635623869801085,0.527124773960217,1.672883787661406
Fish,Fruits,Fish → Fruits,0.40325497287522605,0.8206071757129715,1.6714392934411537
Fruits,Fish,Fruits → Fish,0.40325497287522605,0.8213627992633518,1.6714392934411537
"Fish, Fruits, Meat, Sweets, Wines",Gold,"Fish, Fruits, Meat, Sweets, Wines → Gold",0.23960216998191683,0.8320251177394036,1.6640502354788071
Fruits,Meat,Fruits → Meat,0.4050632911392405,0.8250460405156538,1.662114609854851
Meat,Fruits,Meat → Fruits,0.4050632911392405,0.8160291438979964,1.662114609854851
Sweets,Fruits,Sweets → Fruits,0.40415913200723325,0.8156934306569342,1.6614308182441422
Fruits,Sweets,Fruits → Sweets,0.40415913200723325,0.8232044198895027,1.6614308182441422
"Fish, Fruits, Sweets, Wines",Gold,"Fish, Fruits, Sweets, Wines → Gold",0.2418625678119349,0.8281733746130031,1.6563467492260062
Meat,Sweets,Meat → Sweets,0.40687160940325495,0.819672131147541,1.6543017829364606
Sweets,Meat,Sweets → Meat,0.40687160940325495,0.8211678832116788,1.6543017829364604
"Fish, Fruits, Meat, Wines",Gold,"Fish, Fruits, Meat, Wines → Gold",0.2635623869801085,0.8269503546099289,1.6539007092198579
Gold,"Fish, Fruits, Meat, Wines","Gold → Fish, Fruits, Meat, Wines",0.2635623869801085,0.527124773960217,1.6539007092198579
"Fish, Gold",Wines,"Fish, Gold → Wines",0.2988245931283906,0.82625,1.6525
Wines,"Fish, Gold","Wines → Fish, Gold",0.2988245931283906,0.5976491862567812,1.6525
Fish,Sweets,Fish → Sweets,0.4014466546112116,0.8169273229070837,1.6487620787139317
Sweets,Fish,Sweets → Fish,0.4014466546112116,0.8102189781021898,1.6487620787139317
"Fruits, Meat, Sweets, Wines",Gold,"Fruits, Meat, Sweets, Wines → Gold",0.25949367088607594,0.8235294117647058,1.6470588235294117
Gold,"Fruits, Meat, Sweets, Wines","Gold → Fruits, Meat, Sweets, Wines",0.25949367088607594,0.5189873417721519,1.6470588235294117
"Fish, Fruits, Wines",Gold,"Fish, Fruits, Wines → Gold",0.2689873417721519,0.8229598893499308,1.6459197786998616
Gold,"Fish, Fruits, Wines","Gold → Fish, Fruits, Wines",0.2689873417721519,0.5379746835443038,1.6459197786998616
Gold,"Fish, Fruits, Meat, Sweets","Gold → Fish, Fruits, Meat, Sweets",0.26446654611211573,0.5289330922242315,1.6363636363636362
"Fish, Fruits, Meat, Sweets",Gold,"Fish, Fruits, Meat, Sweets → Gold",0.26446654611211573,0.8181818181818181,1.6363636363636362
"Fruits, Sweets, Wines",Gold,"Fruits, Sweets, Wines → Gold",0.2635623869801085,0.8176718092566619,1.6353436185133239
Gold,"Fruits, Sweets, Wines","Gold → Fruits, Sweets, Wines",0.2635623869801085,0.527124773960217,1.6353436185133239
"Fish, Meat, Sweets, Wines",Gold,"Fish, Meat, Sweets, Wines → Gold",0.261754068716094,0.8166431593794076,1.6332863187588151
Gold,"Fish, Meat, Sweets, Wines","Gold → Fish, Meat, Sweets, Wines",0.261754068716094,0.523508137432188,1.6332863187588151
Wines,"Fruits, Gold","Wines → Fruits, Gold",0.29927667269439423,0.5985533453887885,1.6325524044389643
"Fruits, Gold",Wines,"Fruits, Gold → Wines",0.29927667269439423,0.8162762022194822,1.6325524044389643
"Fruits, Meat, Wines",Gold,"Fruits, Meat, Wines → Gold",0.29023508137432186,0.8147208121827411,1.6294416243654821
Gold,"Fruits, Meat, Wines","Gold → Fruits, Meat, Wines",0.29023508137432186,0.5804701627486437,1.6294416243654821
Wines,"Fish, Sweets","Wines → Fish, Sweets",0.32640144665461124,0.6528028933092225,1.6261261261261262
"Fish, Sweets",Wines,"Fish, Sweets → Wines",0.32640144665461124,0.8130630630630631,1.6261261261261262
Gold,"Fish, Sweets, Wines","Gold → Fish, Sweets, Wines",0.265370705244123,0.530741410488246,1.626038781163435
"Fish, Sweets, Wines",Gold,"Fish, Sweets, Wines → Gold",0.265370705244123,0.8130193905817175,1.626038781163435
"Fruits, Meat, Sweets",Gold,"Fruits, Meat, Sweets → Gold",0.2884267631103074,0.8127388535031846,1.6254777070063693
Gold,"Fruits, Meat, Sweets","Gold → Fruits, Meat, Sweets",0.2884267631103074,0.5768535262206148,1.6254777070063693
"Fish, Fruits, Meat",Gold,"Fish, Fruits, Meat → Gold",0.29294755877034356,0.8110137672090112,1.6220275344180224
Gold,"Fish, Fruits, Meat","Gold → Fish, Fruits, Meat",0.29294755877034356,0.5858951175406871,1.6220275344180224
"Fish, Fruits",Wines,"Fish, Fruits → Wines",0.3268535262206148,0.8105381165919282,1.6210762331838564
Wines,"Fish, Fruits","Wines → Fish, Fruits",0.3268535262206148,0.6537070524412296,1.6210762331838564
Fruits,"Gold, Wines","Fruits → Gold, Wines",0.29927667269439423,0.6095764272559853,1.6167662555038842
"Gold, Wines",Fruits,"Gold, Wines → Fruits",0.29927667269439423,0.7937649880095923,1.616766255503884
"Fruits, Wines",Gold,"Fruits, Wines → Gold",0.29927667269439423,0.8073170731707318,1.6146341463414635
Gold,"Fruits, Wines","Gold → Fruits, Wines",0.29927667269439423,0.5985533453887885,1.6146341463414635
Gold,"Fish, Meat, Wines","Gold → Fish, Meat, Wines",0.28933092224231466,0.5786618444846293,1.6141235813366963
"Fish, Meat, Wines",Gold,"Fish, Meat, Wines → Gold",0.28933092224231466,0.8070617906683482,1.6141235813366963
"Fish, Meat, Sweets",Gold,"Fish, Meat, Sweets → Gold",0.2911392405063291,0.8070175438596492,1.6140350877192984
Gold,"Fish, Meat, Sweets","Gold → Fish, Meat, Sweets",0.2911392405063291,0.5822784810126582,1.6140350877192984
"Gold, Wines",Fish,"Gold, Wines → Fish",0.2988245931283906,0.7925659472422062,1.6128388917201104
Fish,"Gold, Wines","Fish → Gold, Wines",0.2988245931283906,0.608095676172953,1.6128388917201104
Gold,"Meat, Sweets, Wines","Gold → Meat, Sweets, Wines",0.28933092224231466,0.5786618444846293,1.6120906801007557
"Meat, Sweets, Wines",Gold,"Meat, Sweets, Wines → Gold",0.28933092224231466,0.8060453400503779,1.6120906801007557
"Gold, Sweets",Wines,"Gold, Sweets → Wines",0.29566003616636527,0.8044280442804427,1.6088560885608854
Wines,"Gold, Sweets","Wines → Gold, Sweets",0.29566003616636527,0.5913200723327305,1.6088560885608854
"Fish, Wines",Gold,"Fish, Wines → Gold",0.2988245931283906,0.8031591737545565,1.606318347509113
Gold,"Fish, Wines","Gold → Fish, Wines",0.2988245931283906,0.5976491862567812,1.606318347509113
"Fish, Fruits, Sweets",Gold,"Fish, Fruits, Sweets → Gold",0.2798372513562387,0.8028534370946824,1.6057068741893648
Gold,"Fish, Fruits, Sweets","Gold → Fish, Fruits, Sweets",0.2798372513562387,0.5596745027124774,1.6057068741893648
Gold,"Fruits, Meat","Gold → Fruits, Meat",0.32459312839059673,0.6491862567811935,1.6026785714285714
"Fruits, Meat",Gold,"Fruits, Meat → Gold",0.32459312839059673,0.8013392857142857,1.6026785714285714
"Meat, Sweets",Gold,"Meat, Sweets → Gold",0.3259493670886076,0.8011111111111112,1.6022222222222224
Gold,"Meat, Sweets","Gold → Meat, Sweets",0.3259493670886076,0.6518987341772152,1.6022222222222224
"Fruits, Sweets",Wines,"Fruits, Sweets → Wines",0.32233273056057865,0.7975391498881432,1.5950782997762865
Wines,"Fruits, Sweets","Wines → Fruits, Sweets",0.32233273056057865,0.6446654611211573,1.5950782997762865
Gold,"Sweets, Wines","Gold → Sweets, Wines",0.29566003616636527,0.5913200723327305,1.5931790499390985
"Sweets, Wines",Gold,"Sweets, Wines → Gold",0.29566003616636527,0.7965895249695493,1.5931790499390985
Gold,"Fish, Meat","Gold → Fish, Meat",0.32368896925858953,0.6473779385171791,1.584070796460177
"Fish, Meat",Gold,"Fish, Meat → Gold",0.32368896925858953,0.7920353982300885,1.584070796460177
"Gold, Wines",Sweets,"Gold, Wines → Sweets",0.29566003616636527,0.7841726618705035,1.582655043848133
Sweets,"Gold, Wines","Sweets → Gold, Wines",0.29566003616636527,0.5967153284671532,1.582655043848133
"Meat, Wines",Gold,"Meat, Wines → Gold",0.33860759493670883,0.790084388185654,1.580168776371308
Gold,"Meat, Wines","Gold → Meat, Wines",0.33860759493670883,0.6772151898734177,1.580168776371308
Gold,"Fish, Fruits","Gold → Fish, Fruits",0.31690777576853524,0.6338155515370705,1.5717488789237666
"Fish, Fruits",Gold,"Fish, Fruits → Gold",0.31690777576853524,0.7858744394618833,1.5717488789237666
Gold,"Fish, Sweets","Gold → Fish, Sweets",0.31329113924050633,0.6265822784810127,1.5608108108108107
"Fish, Sweets",Gold,"Fish, Sweets → Gold",0.31329113924050633,0.7804054054054054,1.5608108108108107
"Fruits, Sweets",Gold,"Fruits, Sweets → Gold",0.3150994575045208,0.7796420581655481,1.5592841163310962
Gold,"Fruits, Sweets","Gold → Fruits, Sweets",0.3150994575045208,0.6301989150090416,1.5592841163310962
Meat,Gold,Meat → Gold,0.3860759493670886,0.7777777777777778,1.5555555555555556
Gold,Meat,Gold → Meat,0.3860759493670886,0.7721518987341772,1.5555555555555556
Fish,Wines,Fish → Wines,0.3720614828209765,0.7571297148114076,1.5142594296228151
Wines,Fish,Wines → Fish,0.3720614828209765,0.744122965641953,1.5142594296228151
Wines,Fruits,Wines → Fruits,0.3707052441229656,0.7414104882459313,1.5101289134438305
Fruits,Wines,Fruits → Wines,0.3707052441229656,0.7550644567219152,1.5101289134438305
Wines,Gold,Wines → Gold,0.3770343580470163,0.7540687160940326,1.5081374321880652
Gold,Wines,Gold → Wines,0.3770343580470163,0.7540687160940326,1.5081374321880652
Wines,Sweets,Wines → Sweets,0.37115732368896925,0.7423146473779385,1.4981751824817517
Sweets,Wines,Sweets → Wines,0.37115732368896925,0.7490875912408759,1.4981751824817517
Fruits,Gold,Fruits → Gold,0.3666365280289331,0.7467771639042358,1.4935543278084715
Gold,Fruits,Gold → Fruits,0.3666365280289331,0.7332730560578662,1.4935543278084715
Sweets,Gold,Sweets → Gold,0.36754068716094035,0.7417883211678833,1.4835766423357666
Gold,Sweets,Gold → Sweets,0.36754068716094035,0.7350813743218807,1.4835766423357666
Fish,Gold,Fish → Gold,0.3616636528028933,0.7359705611775529,1.4719411223551058
Gold,Fish,Gold → Fish,0.3616636528028933,0.7233273056057866,1.4719411223551058
